name,wood
oak_airy_trapdoor,oak
oak_barn_trapdoor,oak
oak_barrel_trapdoor,oak
oak_beach_trapdoor,oak
oak_blossom_trapdoor,oak
oak_checkered_trapdoor,oak
oak_classic_windowed_trapdoor,oak
oak_cobweb_trapdoor,oak
oak_cottage_trapdoor,oak
oak_distorted_trapdoor,oak
oak_engraved_trapdoor,oak
oak_four_panel_trapdoor,oak
oak_glass_trapdoor,oak
oak_golden_barred_trapdoor,oak
oak_heavy_trapdoor,oak
oak_iron_barred_trapdoor,oak
oak_leafy_trapdoor,oak
oak_meshed_trapdoor,oak
oak_mystic_trapdoor,oak
oak_overgrown_trapdoor,oak
oak_paper_trapdoor,oak
oak_pointless_trapdoor,oak
oak_slotted_trapdoor,oak
oak_solid_trapdoor,oak
oak_suspicious_trapdoor,oak
oak_swamp_trapdoor,oak
oak_thin_slated_trapdoor,oak
oak_tropical_trapdoor,oak
oak_twisted_trapdoor,oak
oak_vined_trapdoor,oak
oak_warted_trapdoor,oak
oak_whispering_trapdoor,oak
oak_windowed_trapdoor,oak
oak_woven_trapdoor,oak
spruce_airy_trapdoor,spruce
spruce_barn_trapdoor,spruce
spruce_barrel_trapdoor,spruce
spruce_beach_trapdoor,spruce
spruce_blossom_trapdoor,spruce
spruce_checkered_trapdoor,spruce
spruce_classic_trapdoor,spruce
spruce_classic_windowed_trapdoor,spruce
spruce_cobweb_trapdoor,spruce
spruce_distorted_trapdoor,spruce
spruce_engraved_trapdoor,spruce
spruce_four_panel_trapdoor,spruce
spruce_glass_trapdoor,spruce
spruce_golden_barred_trapdoor,spruce
spruce_iron_barred_trapdoor,spruce
spruce_leafy_trapdoor,spruce
spruce_meshed_trapdoor,spruce
spruce_mystic_trapdoor,spruce
spruce_overgrown_trapdoor,spruce
spruce_paper_trapdoor,spruce
spruce_pointless_trapdoor,spruce
spruce_slotted_trapdoor,spruce
spruce_solid_trapdoor,spruce
spruce_suspicious_trapdoor,spruce
spruce_swamp_trapdoor,spruce
spruce_thin_slated_trapdoor,spruce
spruce_tropical_trapdoor,spruce
spruce_twisted_trapdoor,spruce
spruce_vined_trapdoor,spruce
spruce_warted_trapdoor,spruce
spruce_whispering_trapdoor,spruce
spruce_windowed_trapdoor,spruce
spruce_woven_trapdoor,spruce
birch_airy_trapdoor,birch
birch_barn_trapdoor,birch
birch_barrel_trapdoor,birch
birch_beach_trapdoor,birch
birch_blossom_trapdoor,birch
birch_checkered_trapdoor,birch
birch_classic_trapdoor,birch
birch_classic_windowed_trapdoor,birch
birch_cobweb_trapdoor,birch
birch_cottage_trapdoor,birch
birch_distorted_trapdoor,birch
birch_engraved_trapdoor,birch
birch_four_panel_trapdoor,birch
birch_glass_trapdoor,birch
birch_golden_barred_trapdoor,birch
birch_heavy_trapdoor,birch
birch_iron_barred_trapdoor,birch
birch_leafy_trapdoor,birch
birch_meshed_trapdoor,birch
birch_mystic_trapdoor,birch
birch_overgrown_trapdoor,birch
birch_pointless_trapdoor,birch
birch_slotted_trapdoor,birch
birch_solid_trapdoor,birch
birch_suspicious_trapdoor,birch
birch_swamp_trapdoor,birch
birch_thin_slated_trapdoor,birch
birch_tropical_trapdoor,birch
birch_twisted_trapdoor,birch
birch_vined_trapdoor,birch
birch_warted_trapdoor,birch
birch_whispering_trapdoor,birch
birch_windowed_trapdoor,birch
birch_woven_trapdoor,birch
jungle_airy_trapdoor,jungle
jungle_barn_trapdoor,jungle
jungle_barrel_trapdoor,jungle
jungle_blossom_trapdoor,jungle
jungle_checkered_trapdoor,jungle
jungle_classic_trapdoor,jungle
jungle_classic_windowed_trapdoor,jungle
jungle_cobweb_trapdoor,jungle
jungle_cottage_trapdoor,jungle
jungle_distorted_trapdoor,jungle
jungle_engraved_trapdoor,jungle
jungle_four_panel_trapdoor,jungle
jungle_glass_trapdoor,jungle
jungle_golden_barred_trapdoor,jungle
jungle_heavy_trapdoor,jungle
jungle_iron_barred_trapdoor,jungle
jungle_leafy_trapdoor,jungle
jungle_meshed_trapdoor,jungle
jungle_mystic_trapdoor,jungle
jungle_overgrown_trapdoor,jungle
jungle_paper_trapdoor,jungle
jungle_pointless_trapdoor,jungle
jungle_slotted_trapdoor,jungle
jungle_solid_trapdoor,jungle
jungle_suspicious_trapdoor,jungle
jungle_swamp_trapdoor,jungle
jungle_thin_slated_trapdoor,jungle
jungle_tropical_trapdoor,jungle
jungle_twisted_trapdoor,jungle
jungle_vined_trapdoor,jungle
jungle_warted_trapdoor,jungle
jungle_whispering_trapdoor,jungle
jungle_windowed_trapdoor,jungle
jungle_woven_trapdoor,jungle
acacia_barn_trapdoor,acacia
acacia_barrel_trapdoor,acacia
acacia_beach_trapdoor,acacia
acacia_blossom_trapdoor,acacia
acacia_checkered_trapdoor,acacia
acacia_classic_trapdoor,acacia
acacia_classic_windowed_trapdoor,acacia
acacia_cobweb_trapdoor,acacia
acacia_cottage_trapdoor,acacia
acacia_distorted_trapdoor,acacia
acacia_engraved_trapdoor,acacia
acacia_four_panel_trapdoor,acacia
acacia_glass_trapdoor,acacia
acacia_golden_barred_trapdoor,acacia
acacia_heavy_trapdoor,acacia
acacia_iron_barred_trapdoor,acacia
acacia_leafy_trapdoor,acacia
acacia_meshed_trapdoor,acacia
acacia_mystic_trapdoor,acacia
acacia_overgrown_trapdoor,acacia
acacia_paper_trapdoor,acacia
acacia_pointless_trapdoor,acacia
acacia_slotted_trapdoor,acacia
acacia_solid_trapdoor,acacia
acacia_suspicious_trapdoor,acacia
acacia_swamp_trapdoor,acacia
acacia_thin_slated_trapdoor,acacia
acacia_twisted_trapdoor,acacia
acacia_vined_trapdoor,acacia
acacia_warted_trapdoor,acacia
acacia_whispering_trapdoor,acacia
acacia_windowed_trapdoor,acacia
acacia_woven_trapdoor,acacia
dark_oak_airy_trapdoor,dark_oak
dark_oak_barn_trapdoor,dark_oak
dark_oak_barrel_trapdoor,dark_oak
dark_oak_beach_trapdoor,dark_oak
dark_oak_blossom_trapdoor,dark_oak
dark_oak_checkered_trapdoor,dark_oak
dark_oak_classic_trapdoor,dark_oak
dark_oak_classic_windowed_trapdoor,dark_oak
dark_oak_cobweb_trapdoor,dark_oak
dark_oak_cottage_trapdoor,dark_oak
dark_oak_distorted_trapdoor,dark_oak
dark_oak_engraved_trapdoor,dark_oak
dark_oak_glass_trapdoor,dark_oak
dark_oak_golden_barred_trapdoor,dark_oak
dark_oak_heavy_trapdoor,dark_oak
dark_oak_iron_barred_trapdoor,dark_oak
dark_oak_leafy_trapdoor,dark_oak
dark_oak_meshed_trapdoor,dark_oak
dark_oak_mystic_trapdoor,dark_oak
dark_oak_overgrown_trapdoor,dark_oak
dark_oak_paper_trapdoor,dark_oak
dark_oak_pointless_trapdoor,dark_oak
dark_oak_slotted_trapdoor,dark_oak
dark_oak_solid_trapdoor,dark_oak
dark_oak_suspicious_trapdoor,dark_oak
dark_oak_swamp_trapdoor,dark_oak
dark_oak_thin_slated_trapdoor,dark_oak
dark_oak_tropical_trapdoor,dark_oak
dark_oak_twisted_trapdoor,dark_oak
dark_oak_vined_trapdoor,dark_oak
dark_oak_warted_trapdoor,dark_oak
dark_oak_whispering_trapdoor,dark_oak
dark_oak_windowed_trapdoor,dark_oak
dark_oak_woven_trapdoor,dark_oak
mangrove_airy_trapdoor,mangrove
mangrove_barn_trapdoor,mangrove
mangrove_barrel_trapdoor,mangrove
mangrove_beach_trapdoor,mangrove
mangrove_blossom_trapdoor,mangrove
mangrove_checkered_trapdoor,mangrove
mangrove_classic_trapdoor,mangrove
mangrove_classic_windowed_trapdoor,mangrove
mangrove_cobweb_trapdoor,mangrove
mangrove_cottage_trapdoor,mangrove
mangrove_engraved_trapdoor,mangrove
mangrove_four_panel_trapdoor,mangrove
mangrove_glass_trapdoor,mangrove
mangrove_golden_barred_trapdoor,mangrove
mangrove_heavy_trapdoor,mangrove
mangrove_iron_barred_trapdoor,mangrove
mangrove_leafy_trapdoor,mangrove
mangrove_meshed_trapdoor,mangrove
mangrove_mystic_trapdoor,mangrove
mangrove_overgrown_trapdoor,mangrove
mangrove_paper_trapdoor,mangrove
mangrove_pointless_trapdoor,mangrove
mangrove_slotted_trapdoor,mangrove
mangrove_solid_trapdoor,mangrove
mangrove_suspicious_trapdoor,mangrove
mangrove_thin_slated_trapdoor,mangrove
mangrove_tropical_trapdoor,mangrove
mangrove_twisted_trapdoor,mangrove
mangrove_vined_trapdoor,mangrove
mangrove_warted_trapdoor,mangrove
mangrove_whispering_trapdoor,mangrove
mangrove_windowed_trapdoor,mangrove
mangrove_woven_trapdoor,mangrove
cherry_barn_trapdoor,cherry
cherry_barrel_trapdoor,cherry
cherry_beach_trapdoor,cherry
cherry_checkered_trapdoor,cherry
cherry_classic_trapdoor,cherry
cherry_classic_windowed_trapdoor,cherry
cherry_cobweb_trapdoor,cherry
cherry_cottage_trapdoor,cherry
cherry_distorted_trapdoor,cherry
cherry_engraved_trapdoor,cherry
cherry_four_panel_trapdoor,cherry
cherry_glass_trapdoor,cherry
cherry_golden_barred_trapdoor,cherry
cherry_heavy_trapdoor,cherry
cherry_iron_barred_trapdoor,cherry
cherry_leafy_trapdoor,cherry
cherry_meshed_trapdoor,cherry
cherry_mystic_trapdoor,cherry
cherry_overgrown_trapdoor,cherry
cherry_paper_trapdoor,cherry
cherry_pointless_trapdoor,cherry
cherry_slotted_trapdoor,cherry
cherry_solid_trapdoor,cherry
cherry_suspicious_trapdoor,cherry
cherry_swamp_trapdoor,cherry
cherry_thin_slated_trapdoor,cherry
cherry_tropical_trapdoor,cherry
cherry_twisted_trapdoor,cherry
cherry_vined_trapdoor,cherry
cherry_warted_trapdoor,cherry
cherry_whispering_trapdoor,cherry
cherry_windowed_trapdoor,cherry
cherry_woven_trapdoor,cherry
bamboo_barn_trapdoor,bamboo
bamboo_barrel_trapdoor,bamboo
bamboo_beach_trapdoor,bamboo
bamboo_blossom_trapdoor,bamboo
bamboo_checkered_trapdoor,bamboo
bamboo_classic_trapdoor,bamboo
bamboo_classic_windowed_trapdoor,bamboo
bamboo_cobweb_trapdoor,bamboo
bamboo_cottage_trapdoor,bamboo
bamboo_distorted_trapdoor,bamboo
bamboo_four_panel_trapdoor,bamboo
bamboo_glass_trapdoor,bamboo
bamboo_golden_barred_trapdoor,bamboo
bamboo_heavy_trapdoor,bamboo
bamboo_iron_barred_trapdoor,bamboo
bamboo_leafy_trapdoor,bamboo
bamboo_meshed_trapdoor,bamboo
bamboo_mystic_trapdoor,bamboo
bamboo_overgrown_trapdoor,bamboo
bamboo_paper_trapdoor,bamboo
bamboo_pointless_trapdoor,bamboo
bamboo_slotted_trapdoor,bamboo
bamboo_solid_trapdoor,bamboo
bamboo_suspicious_trapdoor,bamboo
bamboo_swamp_trapdoor,bamboo
bamboo_thin_slated_trapdoor,bamboo
bamboo_tropical_trapdoor,bamboo
bamboo_twisted_trapdoor,bamboo
bamboo_vined_trapdoor,bamboo
bamboo_warted_trapdoor,bamboo
bamboo_whispering_trapdoor,bamboo
bamboo_windowed_trapdoor,bamboo
bamboo_woven_trapdoor,bamboo
crimson_airy_trapdoor,crimson
crimson_barn_trapdoor,crimson
crimson_barrel_trapdoor,crimson
crimson_beach_trapdoor,crimson
crimson_blossom_trapdoor,crimson
crimson_checkered_trapdoor,crimson
crimson_classic_trapdoor,crimson
crimson_classic_windowed_trapdoor,crimson
crimson_cobweb_trapdoor,crimson
crimson_cottage_trapdoor,crimson
crimson_distorted_trapdoor,crimson
crimson_engraved_trapdoor,crimson
crimson_four_panel_trapdoor,crimson
crimson_glass_trapdoor,crimson
crimson_golden_barred_trapdoor,crimson
crimson_heavy_trapdoor,crimson
crimson_iron_barred_trapdoor,crimson
crimson_leafy_trapdoor,crimson
crimson_meshed_trapdoor,crimson
crimson_mystic_trapdoor,crimson
crimson_overgrown_trapdoor,crimson
crimson_paper_trapdoor,crimson
crimson_pointless_trapdoor,crimson
crimson_slotted_trapdoor,crimson
crimson_solid_trapdoor,crimson
crimson_swamp_trapdoor,crimson
crimson_thin_slated_trapdoor,crimson
crimson_tropical_trapdoor,crimson
crimson_twisted_trapdoor,crimson
crimson_vined_trapdoor,crimson
crimson_warted_trapdoor,crimson
crimson_whispering_trapdoor,crimson
crimson_windowed_trapdoor,crimson
crimson_woven_trapdoor,crimson
warped_airy_trapdoor,warped
warped_barn_trapdoor,warped
warped_barrel_trapdoor,warped
warped_beach_trapdoor,warped
warped_blossom_trapdoor,warped
warped_checkered_trapdoor,warped
warped_classic_trapdoor,warped
warped_classic_windowed_trapdoor,warped
warped_cobweb_trapdoor,warped
warped_cottage_trapdoor,warped
warped_engraved_trapdoor,warped
warped_four_panel_trapdoor,warped
warped_glass_trapdoor,warped
warped_golden_barred_trapdoor,warped
warped_heavy_trapdoor,warped
warped_iron_barred_trapdoor,warped
warped_leafy_trapdoor,warped
warped_meshed_trapdoor,warped
warped_overgrown_trapdoor,warped
warped_paper_trapdoor,warped
warped_pointless_trapdoor,warped
warped_slotted_trapdoor,warped
warped_solid_trapdoor,warped
warped_suspicious_trapdoor,warped
warped_swamp_trapdoor,warped
warped_thin_slated_trapdoor,warped
warped_tropical_trapdoor,warped
warped_twisted_trapdoor,warped
warped_vined_trapdoor,warped
warped_warted_trapdoor,warped
warped_whispering_trapdoor,warped
warped_windowed_trapdoor,warped
warped_woven_trapdoor,warped
pale_oak_airy_trapdoor,pale_oak
pale_oak_barn_trapdoor,pale_oak
pale_oak_barrel_trapdoor,pale_oak
pale_oak_beach_trapdoor,pale_oak
pale_oak_blossom_trapdoor,pale_oak
pale_oak_checkered_trapdoor,pale_oak
pale_oak_classic_trapdoor,pale_oak
pale_oak_classic_windowed_trapdoor,pale_oak
pale_oak_cobweb_trapdoor,pale_oak
pale_oak_cottage_trapdoor,pale_oak
pale_oak_distorted_trapdoor,pale_oak
pale_oak_engraved_trapdoor,pale_oak
pale_oak_four_panel_trapdoor,pale_oak
pale_oak_glass_trapdoor,pale_oak
pale_oak_golden_barred_trapdoor,pale_oak
pale_oak_heavy_trapdoor,pale_oak
pale_oak_iron_barred_trapdoor,pale_oak
pale_oak_leafy_trapdoor,pale_oak
pale_oak_meshed_trapdoor,pale_oak
pale_oak_mystic_trapdoor,pale_oak
pale_oak_overgrown_trapdoor,pale_oak
pale_oak_paper_trapdoor,pale_oak
pale_oak_pointless_trapdoor,pale_oak
pale_oak_slotted_trapdoor,pale_oak
pale_oak_solid_trapdoor,pale_oak
pale_oak_suspicious_trapdoor,pale_oak
pale_oak_swamp_trapdoor,pale_oak
pale_oak_thin_slated_trapdoor,pale_oak
pale_oak_tropical_trapdoor,pale_oak
pale_oak_twisted_trapdoor,pale_oak
pale_oak_vined_trapdoor,pale_oak
pale_oak_warted_trapdoor,pale_oak
pale_oak_whispering_trapdoor,pale_oak
pale_oak_windowed_trapdoor,pale_oak
pale_oak_woven_trapdoor,pale_oak
