name,wood,top_tex,bottom_tex
oak_barn_door,oak,,
oak_barn_glass_door,oak,,oak_barn_door_bottom
oak_beach_door,oak,,
oak_cottage_door,oak,,
oak_dual_paneled_door,oak,,
oak_engraved_door,oak,,
oak_four_panel_door,oak,,
oak_gated_door,oak,,
oak_glass_door,oak,,
oak_heavy_door,oak,,
oak_japanese_door,oak,,
oak_modern_door,oak,,
oak_mystic_door,oak,,
oak_nether_door,oak,,
oak_overgrown_door,oak,,
oak_paneled_door,oak,,
oak_paper_door,oak,,
oak_pressed_door,oak,,
oak_screen_door,oak,,
oak_secret_door,oak,,
oak_stable_door,oak,,
oak_stable_head_door,oak,oak_stable_door_top,
oak_swamp_door,oak,,
oak_tile_windowed_door,oak,,
oak_tiled_door,oak,,
oak_tropical_door,oak,,
oak_waffle_door,oak,,
oak_whispering_door,oak,,
oak_windowed_door,oak,,
spruce_barn_door,spruce,,
spruce_barn_glass_door,spruce,,spruce_barn_door_bottom
spruce_beach_door,spruce,,
spruce_classic_door,spruce,,
spruce_dual_paneled_door,spruce,,
spruce_engraved_door,spruce,,
spruce_four_panel_door,spruce,,
spruce_glass_door,spruce,,
spruce_heavy_door,spruce,,
spruce_japanese_door,spruce,,
spruce_modern_door,spruce,,
spruce_mystic_door,spruce,,
spruce_nether_door,spruce,,
spruce_overgrown_door,spruce,,
spruce_paneled_door,spruce,,
spruce_paper_door,spruce,,
spruce_pressed_door,spruce,,
spruce_screen_door,spruce,,
spruce_secret_door,spruce,,
spruce_stable_door,spruce,,
spruce_stable_head_door,spruce,spruce_stable_door_top,
spruce_swamp_door,spruce,,
spruce_tile_windowed_door,spruce,,
spruce_tiled_door,spruce,,
spruce_tropical_door,spruce,,
spruce_waffle_door,spruce,,
spruce_whispering_door,spruce,,
spruce_windowed_door,spruce,,
birch_barn_door,birch,,
birch_barn_glass_door,birch,,birch_barn_door_bottom
birch_beach_door,birch,,
birch_classic_door,birch,,
birch_cottage_door,birch,,
birch_dual_paneled_door,birch,,
birch_engraved_door,birch,,
birch_four_panel_door,birch,,
birch_gated_door,birch,,
birch_glass_door,birch,,
birch_heavy_door,birch,,
birch_japanese_door,birch,,
birch_modern_door,birch,,
birch_mystic_door,birch,,
birch_nether_door,birch,,
birch_overgrown_door,birch,,
birch_paneled_door,birch,,
birch_pressed_door,birch,,
birch_screen_door,birch,,
birch_secret_door,birch,,
birch_stable_door,birch,,
birch_stable_head_door,birch,birch_stable_door_top,
birch_swamp_door,birch,,
birch_tile_windowed_door,birch,,
birch_tiled_door,birch,,
birch_tropical_door,birch,,
birch_waffle_door,birch,,
birch_whispering_door,birch,,
birch_windowed_door,birch,,
jungle_barn_door,jungle,,
jungle_barn_glass_door,jungle,,jungle_barn_door_bottom
jungle_classic_door,jungle,,
jungle_cottage_door,jungle,,
jungle_dual_paneled_door,jungle,,
jungle_engraved_door,jungle,,
jungle_four_panel_door,jungle,,
jungle_gated_door,jungle,,
jungle_glass_door,jungle,,
jungle_heavy_door,jungle,,
jungle_japanese_door,jungle,,
jungle_modern_door,jungle,,
jungle_mystic_door,jungle,,
jungle_nether_door,jungle,,
jungle_overgrown_door,jungle,,
jungle_paneled_door,jungle,,
jungle_paper_door,jungle,,
jungle_pressed_door,jungle,,
jungle_screen_door,jungle,,
jungle_secret_door,jungle,,
jungle_stable_door,jungle,,
jungle_stable_head_door,jungle,jungle_stable_door_top,
jungle_swamp_door,jungle,,
jungle_tile_windowed_door,jungle,,
jungle_tiled_door,jungle,,
jungle_tropical_door,jungle,,
jungle_waffle_door,jungle,,
jungle_whispering_door,jungle,,
jungle_windowed_door,jungle,,
acacia_barn_door,acacia,,
acacia_barn_glass_door,acacia,,acacia_barn_door_bottom
acacia_beach_door,acacia,,
acacia_classic_door,acacia,,
acacia_cottage_door,acacia,,
acacia_dual_paneled_door,acacia,,
acacia_engraved_door,acacia,,
acacia_four_panel_door,acacia,,
acacia_gated_door,acacia,,
acacia_glass_door,acacia,,
acacia_heavy_door,acacia,,
acacia_japanese_door,acacia,,
acacia_modern_door,acacia,,
acacia_mystic_door,acacia,,
acacia_nether_door,acacia,,
acacia_overgrown_door,acacia,,
acacia_paneled_door,acacia,,
acacia_paper_door,acacia,,
acacia_pressed_door,acacia,,
acacia_screen_door,acacia,,
acacia_secret_door,acacia,,
acacia_stable_door,acacia,,
acacia_stable_head_door,acacia,acacia_stable_door_top,
acacia_swamp_door,acacia,,
acacia_tile_windowed_door,acacia,,
acacia_tiled_door,acacia,,
acacia_waffle_door,acacia,,
acacia_whispering_door,acacia,,
acacia_windowed_door,acacia,,
dark_oak_barn_door,dark_oak,,
dark_oak_barn_glass_door,dark_oak,,dark_oak_barn_door_bottom
dark_oak_beach_door,dark_oak,,
dark_oak_classic_door,dark_oak,,
dark_oak_cottage_door,dark_oak,,
dark_oak_dual_paneled_door,dark_oak,,
dark_oak_engraved_door,dark_oak,,
dark_oak_gated_door,dark_oak,,
dark_oak_gilded_door,dark_oak,,
dark_oak_glass_door,dark_oak,,
dark_oak_heavy_door,dark_oak,,
dark_oak_japanese_door,dark_oak,,
dark_oak_modern_door,dark_oak,,
dark_oak_mystic_door,dark_oak,,
dark_oak_nether_door,dark_oak,,
dark_oak_overgrown_door,dark_oak,,
dark_oak_paper_door,dark_oak,,
dark_oak_pressed_door,dark_oak,,
dark_oak_screen_door,dark_oak,,
dark_oak_secret_door,dark_oak,,
dark_oak_stable_door,dark_oak,,
dark_oak_stable_head_door,dark_oak,dark_oak_stable_door_top,
dark_oak_swamp_door,dark_oak,,
dark_oak_tile_windowed_door,dark_oak,,
dark_oak_tiled_door,dark_oak,,
dark_oak_tropical_door,dark_oak,,
dark_oak_waffle_door,dark_oak,,
dark_oak_whispering_door,dark_oak,,
dark_oak_windowed_door,dark_oak,,
mangrove_barn_door,mangrove,,
mangrove_barn_glass_door,mangrove,,mangrove_barn_door_bottom
mangrove_beach_door,mangrove,,
mangrove_classic_door,mangrove,,
mangrove_cottage_door,mangrove,,
mangrove_dual_paneled_door,mangrove,,
mangrove_engraved_door,mangrove,,
mangrove_four_panel_door,mangrove,,
mangrove_gated_door,mangrove,,
mangrove_glass_door,mangrove,,
mangrove_heavy_door,mangrove,,
mangrove_japanese_door,mangrove,,
mangrove_modern_door,mangrove,,
mangrove_mystic_door,mangrove,,
mangrove_nether_door,mangrove,,
mangrove_overgrown_door,mangrove,,
mangrove_paneled_door,mangrove,,
mangrove_paper_door,mangrove,,
mangrove_pressed_door,mangrove,,
mangrove_screen_door,mangrove,,
mangrove_secret_door,mangrove,,
mangrove_stable_door,mangrove,,
mangrove_stable_head_door,mangrove,mangrove_stable_door_top,
mangrove_tile_windowed_door,mangrove,,
mangrove_tropical_door,mangrove,,
mangrove_waffle_door,mangrove,,
mangrove_whispering_door,mangrove,,
mangrove_windowed_door,mangrove,,
cherry_barn_door,cherry,,
cherry_barn_glass_door,cherry,,cherry_barn_door_bottom
cherry_beach_door,cherry,,
cherry_classic_door,cherry,,
cherry_cottage_door,cherry,,
cherry_dual_paneled_door,cherry,,
cherry_engraved_door,cherry,,
cherry_four_panel_door,cherry,,
cherry_gated_door,cherry,,
cherry_glass_door,cherry,,
cherry_heavy_door,cherry,,
cherry_japanese_door,cherry,,
cherry_modern_door,cherry,,
cherry_mystic_door,cherry,,
cherry_nether_door,cherry,,
cherry_overgrown_door,cherry,,
cherry_paneled_door,cherry,,
cherry_paper_door,cherry,,
cherry_pressed_door,cherry,,
cherry_screen_door,cherry,,
cherry_secret_door,cherry,,
cherry_stable_door,cherry,,
cherry_stable_head_door,cherry,cherry_stable_door_top,
cherry_swamp_door,cherry,,
cherry_tile_windowed_door,cherry,,
cherry_tiled_door,cherry,,
cherry_tropical_door,cherry,,
cherry_whispering_door,cherry,,
bamboo_barn_door,bamboo,,
bamboo_barn_glass_door,bamboo,,bamboo_barn_door_bottom
bamboo_beach_door,bamboo,,
bamboo_classic_door,bamboo,,
bamboo_cottage_door,bamboo,,
bamboo_dual_paneled_door,bamboo,,
bamboo_four_panel_door,bamboo,,
bamboo_gated_door,bamboo,,
bamboo_glass_door,bamboo,,
bamboo_heavy_door,bamboo,,
bamboo_japanese_door,bamboo,,
bamboo_modern_door,bamboo,,
bamboo_mystic_door,bamboo,,
bamboo_nether_door,bamboo,,
bamboo_overgrown_door,bamboo,,
bamboo_paneled_door,bamboo,,
bamboo_paper_door,bamboo,,
bamboo_pressed_door,bamboo,,
bamboo_screen_door,bamboo,,
bamboo_secret_door,bamboo,,
bamboo_stable_door,bamboo,,
bamboo_stable_head_door,bamboo,bamboo_stable_door_top,
bamboo_swamp_door,bamboo,,
bamboo_tile_windowed_door,bamboo,,
bamboo_tiled_door,bamboo,,
bamboo_tropical_door,bamboo,,
bamboo_waffle_door,bamboo,,
bamboo_whispering_door,bamboo,,
crimson_barn_door,crimson,,
crimson_barn_glass_door,crimson,,crimson_barn_door_bottom
crimson_beach_door,crimson,,
crimson_classic_door,crimson,,
crimson_cottage_door,crimson,,
crimson_dual_paneled_door,crimson,,
crimson_engraved_door,crimson,,
crimson_four_panel_door,crimson,,
crimson_gated_door,crimson,,
crimson_glass_door,crimson,,
crimson_heavy_door,crimson,,
crimson_japanese_door,crimson,,
crimson_modern_door,crimson,,
crimson_mystic_door,crimson,,
crimson_overgrown_door,crimson,,
crimson_paneled_door,crimson,,
crimson_paper_door,crimson,,
crimson_pressed_door,crimson,,
crimson_screen_door,crimson,,
crimson_secret_door,crimson,,
crimson_stable_door,crimson,,
crimson_stable_head_door,crimson,crimson_stable_door_top,
crimson_swamp_door,crimson,,
crimson_tile_windowed_door,crimson,,
crimson_tiled_door,crimson,,
crimson_tropical_door,crimson,,
crimson_waffle_door,crimson,,
crimson_whispering_door,crimson,,
crimson_windowed_door,crimson,,
warped_barn_door,warped,,
warped_barn_glass_door,warped,,warped_barn_door_bottom
warped_beach_alt_door,warped,,
warped_beach_door,warped,,
warped_classic_alt_door,warped,,
warped_classic_door,warped,,
warped_cottage_alt_door,warped,,
warped_cottage_door,warped,,
warped_dual_paneled_door,warped,,
warped_engraved_door,warped,,
warped_four_panel_door,warped,,
warped_gated_door,warped,,
warped_glass_alt_door,warped,,
warped_glass_door,warped,,
warped_heavy_door,warped,,
warped_japanese_door,warped,,
warped_modern_door,warped,,
warped_nether_alt_door,warped,,
warped_nether_door,warped,,
warped_paneled_door,warped,,
warped_paper_alt_door,warped,,
warped_paper_door,warped,,
warped_pressed_door,warped,,
warped_screen_door,warped,,
warped_secret_door,warped,,
warped_stable_door,warped,,
warped_stable_head_door,warped,warped_stable_door_top,
warped_swamp_door,warped,,
warped_tile_windowed_door,warped,,
warped_tiled_door,warped,,
warped_tropical_alt_door,warped,,
warped_tropical_door,warped,,
warped_waffle_door,warped,,
warped_whispering_door,warped,,
warped_windowed_door,warped,,
pale_oak_barn_door,pale_oak,,
pale_oak_barn_glass_door,pale_oak,,pale_oak_barn_door_bottom
pale_oak_beach_door,pale_oak,,
pale_oak_classic_door,pale_oak,,
pale_oak_cottage_door,pale_oak,,
pale_oak_dual_paneled_door,pale_oak,,
pale_oak_engraved_door,pale_oak,,
pale_oak_four_panel_door,pale_oak,,
pale_oak_gated_door,pale_oak,,
pale_oak_glass_door,pale_oak,,
pale_oak_heavy_door,pale_oak,,
pale_oak_japanese_door,pale_oak,,
pale_oak_modern_door,pale_oak,,
pale_oak_mystic_door,pale_oak,,
pale_oak_nether_door,pale_oak,,
pale_oak_overgrown_door,pale_oak,,
pale_oak_paneled_door,pale_oak,,
pale_oak_paper_door,pale_oak,,
pale_oak_pressed_door,pale_oak,,
pale_oak_screen_door,pale_oak,,
pale_oak_secret_door,pale_oak,,
pale_oak_stable_door,pale_oak,,
pale_oak_stable_head_door,pale_oak,pale_oak_stable_door_top,
pale_oak_swamp_door,pale_oak,,
pale_oak_tile_windowed_door,pale_oak,,
pale_oak_tiled_door,pale_oak,,
pale_oak_tropical_door,pale_oak,,
pale_oak_waffle_door,pale_oak,,
pale_oak_whispering_door,pale_oak,,
pale_oak_windowed_door,pale_oak,,
